label,n_episodes,mean_is,std_is,median_is,p95_is,mean_reward,std_reward,mean_risk_penalty,mean_terminal_inventory,mean_terminal_execution_cost
DQN Agent,250,2319.820799999956,986.0387366200267,2205.5800000000745,4121.98549999902,-809.7198298441454,68.32161591716243,74.4467898441418,0.0,15.641279999996783
TWAP,250,2731.836159999922,1163.2234915397237,2603.984999999404,4907.905000000957,-918.9119215991736,47.885551167073764,156.88536159919363,0.0,0.0
Aggressive,250,3510.4605199999696,1236.4068997802458,3341.754999998957,5808.927499999338,-3516.6120833172163,1236.4071896938992,6.151563317263549,0.0,0.0
Passive,250,3062.61807999992,1524.637730372805,2971.7099999990314,5925.465500000211,-4156.211422100649,1042.5543464701077,1046.0733421006667,0.0,0.0
AC λ=1,250,2763.2949599998074,1228.0194156502148,2556.1349999997765,5264.7720000003,-906.2260554836192,45.81897068810739,141.831095483631,0.0,0.0
AC λ=10,250,2973.524719999861,1315.9472045392654,2735.734999999404,5267.3359999979375,-893.7396991115342,61.57425744734768,76.21607911153886,0.0,0.0
AC λ=100,250,3568.7164000002554,1358.0921640891258,3412.8599999998696,6158.449499999639,-1131.9771448445952,148.77212043046137,23.2548648446068,0.0,0.0
