label,n_episodes,mean_is,std_is,median_is,p95_is,mean_reward,std_reward,mean_risk_penalty,mean_terminal_inventory,mean_terminal_execution_cost
DQN Agent,250,2777.7035199999063,1186.2566119069538,2545.474999999162,5102.56549999998,-918.1007546397608,76.4399500741281,124.31995463973543,0.0,6.021059999999794
TWAP,250,2731.836159999922,1163.2234915397237,2603.984999999404,4907.905000000957,-1075.7972831983673,47.88478194646763,313.77072319838726,0.0,0.0
Aggressive,250,3510.4605199999696,1236.4068997802458,3341.754999998957,5808.927499999338,-3522.763646634481,1236.4074796105378,12.303126634527098,0.0,0.0
Passive,250,3062.61807999992,1524.637730372805,2971.7099999990314,5925.465500000211,-5202.284764201315,1042.5658058144386,2092.1466842013333,0.0,0.0
AC λ=1,250,2763.2949599998074,1228.0194156502148,2556.1349999997765,5264.7720000003,-1048.0571509672504,45.82384773225686,283.662190967262,0.0,0.0
AC λ=10,250,2973.524719999861,1315.9472045392654,2735.734999999404,5267.3359999979375,-969.955778223073,61.573778670330974,152.43215822307772,0.0,0.0
AC λ=100,250,3568.7164000002554,1358.0921640891258,3412.8599999998696,6158.449499999639,-1155.232009689202,148.77306842217635,46.5097296892136,0.0,0.0
