label,n_episodes,mean_is,std_is,median_is,p95_is,mean_reward,std_reward,mean_risk_penalty,mean_terminal_inventory,mean_terminal_execution_cost
DQN Agent,250,2594.4737599998452,1304.8469279315036,2400.9249999998137,5271.669000000134,-1656.827138650967,404.10608508552343,408.1828356509528,0.0,146.22729999999595
TWAP,250,2731.836159999922,1163.2234915397237,2603.984999999404,4907.905000000957,-1226.3116015991584,197.1145208924332,156.88536159919363,0.0,0.0
Aggressive,250,3510.4605199999696,1236.4068997802458,3341.754999998957,5808.927499999338,-4380.360083317198,1516.9161597868163,6.151563317263549,0.0,0.0
Passive,250,3062.61807999992,1524.637730372805,2971.7099999990314,5925.465500000211,-4986.047422100639,1321.0995876980835,1046.0733421006667,0.0,0.0
AC λ=1,250,2763.2949599998074,1228.0194156502148,2556.1349999997765,5264.7720000003,-1218.1378374836036,204.33496957008862,141.831095483631,0.0,0.0
AC λ=10,250,2973.524719999861,1315.9472045392654,2735.734999999404,5267.3359999979375,-1234.8399031115193,237.97912470292832,76.21607911153886,0.0,0.0
AC λ=100,250,3568.7164000002554,1358.0921640891258,3412.8599999998696,6158.449499999639,-1563.3054868445806,333.54188173806034,23.2548648446068,0.0,0.0
