label,n_episodes,mean_is,std_is,mean_reward,std_reward,mean_risk_penalty,mean_terminal_inventory,mean_terminal_execution_cost
4.5σ bearish,250,5543.949560000088,1571.71863159467,-2595.344290040936,628.6730889865573,46.96958504091479,0.0,0.04859999999999536
3σ bearish,250,6043.861119999897,1560.2181904233057,-2370.4989861979093,495.1795488020598,63.000079197876104,0.0,0.0835800000000072
1.5σ bearish,250,5625.863399999861,1847.4012561154505,-1973.1165239848729,459.39410252420475,136.62904898482847,0.0,0.44108000000000086
Neutral,250,2408.749399999879,1077.95341058908,-1307.47389807266,231.1453165259796,259.70495507265196,0.0,5.913719999999734
1.5σ bullish,250,-684.7132400001176,1157.034860208852,-1011.4277897176714,171.35473463230338,448.2320477176637,0.0,89.51496000000773
3σ bullish,250,-8708.495160000057,2982.9719896207134,-387.035548536336,413.43405670420486,904.5776785363413,0.0,323.53882000000186
4.5σ bullish,250,-23114.7027200001,4207.543358767861,651.1648999588157,630.3375028477592,1859.2446120412058,0.0,589.4033399999828
