label,n_episodes,mean_is,std_is,mean_reward,std_reward,mean_risk_penalty,mean_terminal_inventory,mean_terminal_execution_cost
DQN Agent,250,2408.749399999879,1077.95341058908,-1307.47389807266,231.1453165259796,259.70495507265196,0.0,5.913719999999734
TWAP,250,2731.836159999922,1163.2234915397237,-1657.746345996941,197.1265886459282,588.3201059969762,0.0,0.0
Aggressive,250,3510.4605199999696,1236.4068997802458,-4397.276882439673,1516.9168587405875,23.06836243973831,0.0,0.0
Passive,250,3062.61807999992,1524.637730372805,-7862.749112877472,1321.157218902879,3922.775032877499,0.0,0.0
AC λ=1,250,2763.2949599998074,1228.0194156502148,-1608.173350063589,204.34699193999825,531.8666080636164,0.0,0.0
AC λ=10,250,2973.524719999861,1315.9472045392654,-1444.4341206682511,237.98517750742474,285.8102966682707,0.0,0.0
AC λ=100,250,3568.7164000002554,1358.0921640891258,-1627.2563651672494,333.54397147025196,87.2057431672755,0.0,0.0
