label,n_episodes,mean_is,std_is,median_is,p95_is,mean_reward,std_reward,mean_risk_penalty,mean_terminal_inventory,mean_terminal_execution_cost
Quote vol 0 ticks,250,2797.0855999999717,1207.3857999678862,2569.220000001136,4962.704999999562,-952.8352933141335,63.801334730998676,156.89853331413744,0.0,4.6419800000003635
Quote vol 100 ticks,250,3124.039599999968,2428.146609199438,3059.009999998845,6884.72200000137,-951.6813136036048,62.87559520202046,155.86647360361542,0.0,4.485180000000151
Quote vol 200 ticks,250,2795.781680000026,4582.712591828626,2985.399999999907,10301.318499998506,-947.8935084293345,65.9667560402192,155.0114484293337,0.0,3.7816600000002194
Quote vol 400 ticks,250,2679.719519999862,9195.583087871639,3472.809999998659,17929.6714999984,-948.1631269299132,61.890166712307824,155.55952692993515,0.0,4.103680000000602
