label,n_episodes,mean_is,std_is,median_is,p95_is,mean_reward,std_reward,mean_risk_penalty,mean_terminal_inventory,mean_terminal_execution_cost
Liquidity 0.25x,250,4429.818800000023,1717.4307123885399,4249.100000000093,7328.70999999959,-1129.996641132106,211.3941905325322,165.90398113209528,0.0,172.14463999999506
Liquidity 0.5x,250,3115.3957599999235,1268.4288097182366,2899.2850000006147,5442.130500000249,-898.6851217285437,82.8023657957081,109.9291617285472,0.0,37.541599999999995
Liquidity 1x,250,2319.820799999956,986.0387366200267,2205.5800000000745,4121.98549999902,-809.7198298441454,68.32161591716243,74.4467898441418,0.0,15.641279999996783
Liquidity 2x,250,1947.037639999971,806.3036961427554,1825.924999999348,3493.1150000006414,-802.7115261457787,62.611320454626274,54.33592614579461,0.0,8.592800000000313
Liquidity 4x,250,1663.8979600000755,598.4933071413818,1581.5500000002794,2800.8450000008565,-826.9153775345267,64.64307172687418,41.34739753449182,0.0,7.252039999999831
