regime,strategy,mean_is,std_is,median_is,p95_is,n_episodes
Liquidity 0.25x,DQN Agent,4429.818800000023,1717.4307123885399,4249.100000000093,7328.70999999959,250
Liquidity 0.5x,DQN Agent,3115.3957599999235,1268.4288097182366,2899.2850000006147,5442.130500000249,250
Liquidity 1x,DQN Agent,2319.820799999956,986.0387366200267,2205.5800000000745,4121.98549999902,250
Liquidity 2x,DQN Agent,1947.037639999971,806.3036961427554,1825.924999999348,3493.1150000006414,250
Liquidity 4x,DQN Agent,1663.8979600000755,598.4933071413818,1581.5500000002794,2800.8450000008565,250
